from,to,const,y1,y2,y3,y4,y5,y6,y7,y8,y9,y10,y11,y12,y13,y14,y15,y16,y17,y18,y19,y20,y21,y22,y23,y24,y25,y26,y27,y28,y29,y30,y31,y32,y33,y34,y35,y36,y37,y38,y39,y40
% Coal production (thousand short ton / h),,,,,,,,,,,,,,,,,,,,,,,,,,,,,,,,,,,,,,,,,,
CPAL,2TAL,2.95673516,,,,,,,,,,,,,,,,,,,,,,,,,,,,,,,,,,,,,,,,
CPAZ,4TAZ,0.399543379,,,,,,,,,,,,,,,,,,,,,,,,,,,,,,,,,,,,,,,,
CPAR,3TAR,0.399543379,,,,,,,,,,,,,,,,,,,,,,,,,,,,,,,,,,,,,,,,
CPCO,4TCO,4.628424658,,,,,,,,,,,,,,,,,,,,,,,,,,,,,,,,,,,,,,,,
CPIL,3TIL,4.923401826,,,,,,,,,,,,,,,,,,,,,,,,,,,,,,,,,,,,,,,,
CPIN,3TIN,5.126369863,,,,,,,,,,,,,,,,,,,,,,,,,,,,,,,,,,,,,,,,
CPKS,3TKS,0.399543379,,,,,,,,,,,,,,,,,,,,,,,,,,,,,,,,,,,,,,,,
CPKY,2TKY,17.30844749,,,,,,,,,,,,,,,,,,,,,,,,,,,,,,,,,,,,,,,,
CPLA,1TLA,0.399543379,,,,,,,,,,,,,,,,,,,,,,,,,,,,,,,,,,,,,,,,
CPMD,2TMD,0.342237443,,,,,,,,,,,,,,,,,,,,,,,,,,,,,,,,,,,,,,,,
CPMS,1TMS,0.399543379,,,,,,,,,,,,,,,,,,,,,,,,,,,,,,,,,,,,,,,,
CPMO,3TMO,0.399543379,,,,,,,,,,,,,,,,,,,,,,,,,,,,,,,,,,,,,,,,
CPMT,4TMT,5.631506849,,,,,,,,,,,,,,,,,,,,,,,,,,,,,,,,,,,,,,,,
CPNM,4TNM,3.396118721,,,,,,,,,,,,,,,,,,,,,,,,,,,,,,,,,,,,,,,,
CPND,1TND,3.755707763,,,,,,,,,,,,,,,,,,,,,,,,,,,,,,,,,,,,,,,,
CPOH,2TOH,4.519748858,,,,,,,,,,,,,,,,,,,,,,,,,,,,,,,,,,,,,,,,
CPOK,3TOK,0.216780822,,,,,,,,,,,,,,,,,,,,,,,,,,,,,,,,,,,,,,,,
CPPA,2TPA,8.610388128,,,,,,,,,,,,,,,,,,,,,,,,,,,,,,,,,,,,,,,,
CPTN,2TTN,0.549200913,,,,,,,,,,,,,,,,,,,,,,,,,,,,,,,,,,,,,,,,
CPTX,1TTX,4.6293379,,,,,,,,,,,,,,,,,,,,,,,,,,,,,,,,,,,,,,,,
CPUT,4TUT,3.086986301,,,,,,,,,,,,,,,,,,,,,,,,,,,,,,,,,,,,,,,,
CPVA,2TVA,3.313127854,,,,,,,,,,,,,,,,,,,,,,,,,,,,,,,,,,,,,,,,
CPWV,2TWV,24.11312785,,,,,,,,,,,,,,,,,,,,,,,,,,,,,,,,,,,,,,,,
CPWY,4TWY,57.20981735,,,,,,,,,,,,,,,,,,,,,,,,,,,,,,,,,,,,,,,,
% Natural gas pipeline (MMcf / h),,,,,,,,,,,,,,,,,,,,,,,,,,,,,,,,,,,,,,,,,,
NTAB,NTMT,6,,,,,,,,,,,,,,,,,,,,,,,,,,,,,,,,,,,,,,,,
NTAL,NTFL,154.125,,,,,,,,,,,,,,,,,,,,,,,,,,,,,,,,,,,,,,,,
NTAL,NTGA,289.75,,,,,,,,,,,,,,,,,,,,,,,,,,,,,,,,,,,,,,,,
NTAL,NTMS,695.5,,,,,,,,,,,,,,,,,,,,,,,,,,,,,,,,,,,,,,,,
NTAL,NTTN,172.5,,,,,,,,,,,,,,,,,,,,,,,,,,,,,,,,,,,,,,,,
NTAR,NTLA,329.2916667,,,,,,,,,,,,,,,,,,,,,,,,,,,,,,,,,,,,,,,,
NTAR,NTMO,115.0416667,,,,,,,,,,,,,,,,,,,,,,,,,,,,,,,,,,,,,,,,
NTAR,NTMS,286.2916667,,,,,,,,,,,,,,,,,,,,,,,,,,,,,,,,,,,,,,,,
NTAR,NTOK,84.45833333,,,,,,,,,,,,,,,,,,,,,,,,,,,,,,,,,,,,,,,,
NTAR,NTTN,1.041666667,,,,,,,,,,,,,,,,,,,,,,,,,,,,,,,,,,,,,,,,
NTAR,NTTX,86.33333333,,,,,,,,,,,,,,,,,,,,,,,,,,,,,,,,,,,,,,,,
NTAZ,NTCA,236.9583333,,,,,,,,,,,,,,,,,,,,,,,,,,,,,,,,,,,,,,,,
NTAZ,NTNM,244.7916667,,,,,,,,,,,,,,,,,,,,,,,,,,,,,,,,,,,,,,,,
NTAZ,NTNV,12.25,,,,,,,,,,,,,,,,,,,,,,,,,,,,,,,,,,,,,,,,
NTBC,NTID,123.625,,,,,,,,,,,,,,,,,,,,,,,,,,,,,,,,,,,,,,,,
NTBC,NTWA,76.33333333,,,,,,,,,,,,,,,,,,,,,,,,,,,,,,,,,,,,,,,,
NTCA,NTNV,74.08333333,,,,,,,,,,,,,,,,,,,,,,,,,,,,,,,,,,,,,,,,
NTCA,NTOR,99.625,,,,,,,,,,,,,,,,,,,,,,,,,,,,,,,,,,,,,,,,
NTCO,NTKS,63.29166667,,,,,,,,,,,,,,,,,,,,,,,,,,,,,,,,,,,,,,,,
NTCO,NTNE,121.75,,,,,,,,,,,,,,,,,,,,,,,,,,,,,,,,,,,,,,,,
NTCO,NTNM,91.54166667,,,,,,,,,,,,,,,,,,,,,,,,,,,,,,,,,,,,,,,,
NTCO,NTOK,20.20833333,,,,,,,,,,,,,,,,,,,,,,,,,,,,,,,,,,,,,,,,
NTCO,NTUT,25,,,,,,,,,,,,,,,,,,,,,,,,,,,,,,,,,,,,,,,,
NTCO,NTWY,194.0833333,,,,,,,,,,,,,,,,,,,,,,,,,,,,,,,,,,,,,,,,
NTCT,NTMA,6.833333333,,,,,,,,,,,,,,,,,,,,,,,,,,,,,,,,,,,,,,,,
NTCT,NTNY,98.79166667,,,,,,,,,,,,,,,,,,,,,,,,,,,,,,,,,,,,,,,,
NTCT,NTRI,31.66666667,,,,,,,,,,,,,,,,,,,,,,,,,,,,,,,,,,,,,,,,
NTDE,NTMD,6.041666667,,,,,,,,,,,,,,,,,,,,,,,,,,,,,,,,,,,,,,,,
NTDE,NTNJ,5.875,,,,,,,,,,,,,,,,,,,,,,,,,,,,,,,,,,,,,,,,
NTDE,NTPA,15.83333333,,,,,,,,,,,,,,,,,,,,,,,,,,,,,,,,,,,,,,,,
NTFL,NTGA,17.125,,,,,,,,,,,,,,,,,,,,,,,,,,,,,,,,,,,,,,,,
NTGA,NTSC,188.7083333,,,,,,,,,,,,,,,,,,,,,,,,,,,,,,,,,,,,,,,,
NTGA,NTTN,15.91666667,,,,,,,,,,,,,,,,,,,,,,,,,,,,,,,,,,,,,,,,
NTIA,NTIL,247.625,,,,,,,,,,,,,,,,,,,,,,,,,,,,,,,,,,,,,,,,
NTIA,NTMN,171.875,,,,,,,,,,,,,,,,,,,,,,,,,,,,,,,,,,,,,,,,
NTIA,NTMO,28.33333333,,,,,,,,,,,,,,,,,,,,,,,,,,,,,,,,,,,,,,,,
NTIA,NTNE,137.5833333,,,,,,,,,,,,,,,,,,,,,,,,,,,,,,,,,,,,,,,,
NTIA,NTSD,3.916666667,,,,,,,,,,,,,,,,,,,,,,,,,,,,,,,,,,,,,,,,
NTID,NTNV,6.583333333,,,,,,,,,,,,,,,,,,,,,,,,,,,,,,,,,,,,,,,,
NTID,NTOR,20.04166667,,,,,,,,,,,,,,,,,,,,,,,,,,,,,,,,,,,,,,,,
NTID,NTUT,25.375,,,,,,,,,,,,,,,,,,,,,,,,,,,,,,,,,,,,,,,,
NTID,NTWA,121.4583333,,,,,,,,,,,,,,,,,,,,,,,,,,,,,,,,,,,,,,,,
NTIL,NTIN,314.125,,,,,,,,,,,,,,,,,,,,,,,,,,,,,,,,,,,,,,,,
NTIL,NTKY,64.33333333,,,,,,,,,,,,,,,,,,,,,,,,,,,,,,,,,,,,,,,,
NTIL,NTMO,170.2916667,,,,,,,,,,,,,,,,,,,,,,,,,,,,,,,,,,,,,,,,
NTIL,NTWI,116.25,,,,,,,,,,,,,,,,,,,,,,,,,,,,,,,,,,,,,,,,
NTIN,NTKY,148.3333333,,,,,,,,,,,,,,,,,,,,,,,,,,,,,,,,,,,,,,,,
NTIN,NTMI,146,,,,,,,,,,,,,,,,,,,,,,,,,,,,,,,,,,,,,,,,
NTIN,NTOH,220.625,,,,,,,,,,,,,,,,,,,,,,,,,,,,,,,,,,,,,,,,
NTKS,NTMO,193.0833333,,,,,,,,,,,,,,,,,,,,,,,,,,,,,,,,,,,,,,,,
NTKS,NTNE,179.375,,,,,,,,,,,,,,,,,,,,,,,,,,,,,,,,,,,,,,,,
NTKS,NTOK,233.625,,,,,,,,,,,,,,,,,,,,,,,,,,,,,,,,,,,,,,,,
NTKY,NTOH,173.5,,,,,,,,,,,,,,,,,,,,,,,,,,,,,,,,,,,,,,,,
NTKY,NTTN,524.8333333,,,,,,,,,,,,,,,,,,,,,,,,,,,,,,,,,,,,,,,,
NTKY,NTVA,2.083333333,,,,,,,,,,,,,,,,,,,,,,,,,,,,,,,,,,,,,,,,
NTKY,NTWV,118.4583333,,,,,,,,,,,,,,,,,,,,,,,,,,,,,,,,,,,,,,,,
NTLA,NTMS,756.75,,,,,,,,,,,,,,,,,,,,,,,,,,,,,,,,,,,,,,,,
NTLA,NTTX,432.875,,,,,,,,,,,,,,,,,,,,,,,,,,,,,,,,,,,,,,,,
NTMA,NTNH,26.16666667,,,,,,,,,,,,,,,,,,,,,,,,,,,,,,,,,,,,,,,,
NTMA,NTNY,48.70833333,,,,,,,,,,,,,,,,,,,,,,,,,,,,,,,,,,,,,,,,
NTMA,NTRI,29.375,,,,,,,,,,,,,,,,,,,,,,,,,,,,,,,,,,,,,,,,
NTMB,NTMN,124.625,,,,,,,,,,,,,,,,,,,,,,,,,,,,,,,,,,,,,,,,
NTMD,NTPA,135.6666667,,,,,,,,,,,,,,,,,,,,,,,,,,,,,,,,,,,,,,,,
NTMD,NTVA,265.75,,,,,,,,,,,,,,,,,,,,,,,,,,,,,,,,,,,,,,,,
NTMD,NTWV,0.208333333,,,,,,,,,,,,,,,,,,,,,,,,,,,,,,,,,,,,,,,,
NTME,NTNB,36.04166667,,,,,,,,,,,,,,,,,,,,,,,,,,,,,,,,,,,,,,,,
NTME,NTNH,36.45833333,,,,,,,,,,,,,,,,,,,,,,,,,,,,,,,,,,,,,,,,
NTMI,NTOH,78.83333333,,,,,,,,,,,,,,,,,,,,,,,,,,,,,,,,,,,,,,,,
NTMI,NTON,164.7916667,,,,,,,,,,,,,,,,,,,,,,,,,,,,,,,,,,,,,,,,
NTMI,NTWI,102.3333333,,,,,,,,,,,,,,,,,,,,,,,,,,,,,,,,,,,,,,,,
NTMN,NTND,78.125,,,,,,,,,,,,,,,,,,,,,,,,,,,,,,,,,,,,,,,,
NTMN,NTON,2.625,,,,,,,,,,,,,,,,,,,,,,,,,,,,,,,,,,,,,,,,
NTMN,NTSD,98.95833333,,,,,,,,,,,,,,,,,,,,,,,,,,,,,,,,,,,,,,,,
NTMN,NTWI,119.8333333,,,,,,,,,,,,,,,,,,,,,,,,,,,,,,,,,,,,,,,,
NTMO,NTNE,28.875,,,,,,,,,,,,,,,,,,,,,,,,,,,,,,,,,,,,,,,,
NTMO,NTOK,3.333333333,,,,,,,,,,,,,,,,,,,,,,,,,,,,,,,,,,,,,,,,
NTMS,NTTN,417.875,,,,,,,,,,,,,,,,,,,,,,,,,,,,,,,,,,,,,,,,
NTMT,NTND,110.2916667,,,,,,,,,,,,,,,,,,,,,,,,,,,,,,,,,,,,,,,,
NTMT,NTSK,99.29166667,,,,,,,,,,,,,,,,,,,,,,,,,,,,,,,,,,,,,,,,
NTMT,NTWY,20.70833333,,,,,,,,,,,,,,,,,,,,,,,,,,,,,,,,,,,,,,,,
NTNC,NTSC,153.8333333,,,,,,,,,,,,,,,,,,,,,,,,,,,,,,,,,,,,,,,,
NTNC,NTVA,126.4583333,,,,,,,,,,,,,,,,,,,,,,,,,,,,,,,,,,,,,,,,
NTND,NTSD,101.2083333,,,,,,,,,,,,,,,,,,,,,,,,,,,,,,,,,,,,,,,,
NTND,NTSK,80.16666667,,,,,,,,,,,,,,,,,,,,,,,,,,,,,,,,,,,,,,,,
NTNE,NTSD,1.666666667,,,,,,,,,,,,,,,,,,,,,,,,,,,,,,,,,,,,,,,,
NTNE,NTWY,117.5,,,,,,,,,,,,,,,,,,,,,,,,,,,,,,,,,,,,,,,,
NTNH,NTQU,9,,,,,,,,,,,,,,,,,,,,,,,,,,,,,,,,,,,,,,,,
NTNJ,NTNY,163.3333333,,,,,,,,,,,,,,,,,,,,,,,,,,,,,,,,,,,,,,,,
NTNJ,NTPA,289,,,,,,,,,,,,,,,,,,,,,,,,,,,,,,,,,,,,,,,,
NTNM,NTTX,193.2083333,,,,,,,,,,,,,,,,,,,,,,,,,,,,,,,,,,,,,,,,
NTNV,NTUT,84.75,,,,,,,,,,,,,,,,,,,,,,,,,,,,,,,,,,,,,,,,
NTNY,NTON,134.1666667,,,,,,,,,,,,,,,,,,,,,,,,,,,,,,,,,,,,,,,,
NTNY,NTPA,141.125,,,,,,,,,,,,,,,,,,,,,,,,,,,,,,,,,,,,,,,,
NTOH,NTPA,89.25,,,,,,,,,,,,,,,,,,,,,,,,,,,,,,,,,,,,,,,,
NTOH,NTWV,121.0416667,,,,,,,,,,,,,,,,,,,,,,,,,,,,,,,,,,,,,,,,
NTOK,NTTX,248.5,,,,,,,,,,,,,,,,,,,,,,,,,,,,,,,,,,,,,,,,
NTOR,NTWA,179.7916667,,,,,,,,,,,,,,,,,,,,,,,,,,,,,,,,,,,,,,,,
NTPA,NTWV,218.125,,,,,,,,,,,,,,,,,,,,,,,,,,,,,,,,,,,,,,,,
NTQU,NTVT,2.583333333,,,,,,,,,,,,,,,,,,,,,,,,,,,,,,,,,,,,,,,,
NTSD,NTWY,3.541666667,,,,,,,,,,,,,,,,,,,,,,,,,,,,,,,,,,,,,,,,
NTTN,NTVA,2.916666667,,,,,,,,,,,,,,,,,,,,,,,,,,,,,,,,,,,,,,,,
NTUT,NTWY,163.0416667,,,,,,,,,,,,,,,,,,,,,,,,,,,,,,,,,,,,,,,,
NTVA,NTWV,89.83333333,,,,,,,,,,,,,,,,,,,,,,,,,,,,,,,,,,,,,,,,
NTFG,NTAL,142.7083333,,,,,,,,,,,,,,,,,,,,,,,,,,,,,,,,,,,,,,,,
NTFG,NTLA,1028.708333,,,,,,,,,,,,,,,,,,,,,,,,,,,,,,,,,,,,,,,,
NTFG,NTMS,55.08333333,,,,,,,,,,,,,,,,,,,,,,,,,,,,,,,,,,,,,,,,
NTFG,NTTX,132.2083333,,,,,,,,,,,,,,,,,,,,,,,,,,,,,,,,,,,,,,,,
NTFP,NTCA,7,,,,,,,,,,,,,,,,,,,,,,,,,,,,,,,,,,,,,,,,
NTAZ,NDMX,10.875,,,,,,,,,,,,,,,,,,,,,,,,,,,,,,,,,,,,,,,,
NTCA,NDMX,34.375,,,,,,,,,,,,,,,,,,,,,,,,,,,,,,,,,,,,,,,,
NTTX,NDMX,106.2916667,,,,,,,,,,,,,,,,,,,,,,,,,,,,,,,,,,,,,,,,
% Natural gas production (MMcf / h),,,,,,,,,,,,,,,,,,,,,,,,,,,,,,,,,,,,,,,,,,
NPAL,NTAL,35.61378113,,,,,,,,,,,,,,,,,,,,,,,,,,,,,,,,,,,,,,,,
NPAR,NTAR,80.52706273,,,,,,,,,,,,,,,,,,,,,,,,,,,,,,,,,,,,,,,,
NPAZ,NTAZ,0.065542133,,,,,,,,,,,,,,,,,,,,,,,,,,,,,,,,,,,,,,,,
NPCA,NTCA,37.74309365,,,,,,,,,,,,,,,,,,,,,,,,,,,,,,,,,,,,,,,,
NPCO,NTCO,209.342471,,,,,,,,,,,,,,,,,,,,,,,,,,,,,,,,,,,,,,,,
NPKS,NTKS,48.99466611,,,,,,,,,,,,,,,,,,,,,,,,,,,,,,,,,,,,,,,,
NPLA,NTLA,206.0558655,,,,,,,,,,,,,,,,,,,,,,,,,,,,,,,,,,,,,,,,
NPMI,NTMI,20.13601796,,,,,,,,,,,,,,,,,,,,,,,,,,,,,,,,,,,,,,,,
NPMS,NTMS,17.04407015,,,,,,,,,,,,,,,,,,,,,,,,,,,,,,,,,,,,,,,,
NPMT,NTMT,16.13459124,,,,,,,,,,,,,,,,,,,,,,,,,,,,,,,,,,,,,,,,
NPND,NTND,12.77655745,,,,,,,,,,,,,,,,,,,,,,,,,,,,,,,,,,,,,,,,
NPNE,NTNE,0.466835386,,,,,,,,,,,,,,,,,,,,,,,,,,,,,,,,,,,,,,,,
NPNM,NTNM,196.0217174,,,,,,,,,,,,,,,,,,,,,,,,,,,,,,,,,,,,,,,,
NPNY,NTNY,7.266379489,,,,,,,,,,,,,,,,,,,,,,,,,,,,,,,,,,,,,,,,
NPOH,NTOH,10.73282653,,,,,,,,,,,,,,,,,,,,,,,,,,,,,,,,,,,,,,,,
NPOK,NTOK,270.4821009,,,,,,,,,,,,,,,,,,,,,,,,,,,,,,,,,,,,,,,,
NPOR,NTOR,0.120224783,,,,,,,,,,,,,,,,,,,,,,,,,,,,,,,,,,,,,,,,
NPSD,NTSD,1.60936153,,,,,,,,,,,,,,,,,,,,,,,,,,,,,,,,,,,,,,,,
NPTX,NTTX,1182.593993,,,,,,,,,,,,,,,,,,,,,,,,,,,,,,,,,,,,,,,,
NPUT,NTUT,69.34643012,,,,,,,,,,,,,,,,,,,,,,,,,,,,,,,,,,,,,,,,
NPVA,NTVA,18.01618962,,,,,,,,,,,,,,,,,,,,,,,,,,,,,,,,,,,,,,,,
NPWV,NTWV,36.1610672,,,,,,,,,,,,,,,,,,,,,,,,,,,,,,,,,,,,,,,,
NPWY,NTWY,345.8730859,,,,,,,,,,,,,,,,,,,,,,,,,,,,,,,,,,,,,,,,
NPFG,NTFG,354.842664,,,,,,,,,,,,,,,,,,,,,,,,,,,,,,,,,,,,,,,,
NPFP,NTFP,6.144178213,,,,,,,,,,,,,,,,,,,,,,,,,,,,,,,,,,,,,,,,
"% Natural gas storage, working capacity (MMcf / h)",,,,,,,,,,,,,,,,,,,,,,,,,,,,,,,,,,,,,,,,,,
NSAL,NSAL,32,,,,,,,,,,,,,,,,,,,,,,,,,,,,,,,,,,,,,,,,
NSAR,NSAR,20,,,,,,,,,,,,,,,,,,,,,,,,,,,,,,,,,,,,,,,,
NSCA,NSCA,414,,,,,,,,,,,,,,,,,,,,,,,,,,,,,,,,,,,,,,,,
NSCO,NSCO,82,,,,,,,,,,,,,,,,,,,,,,,,,,,,,,,,,,,,,,,,
NSIL,NSIL,413,,,,,,,,,,,,,,,,,,,,,,,,,,,,,,,,,,,,,,,,
NSIN,NSIN,52,,,,,,,,,,,,,,,,,,,,,,,,,,,,,,,,,,,,,,,,
NSIA,NSIA,122,,,,,,,,,,,,,,,,,,,,,,,,,,,,,,,,,,,,,,,,
NSKS,NSKS,158,,,,,,,,,,,,,,,,,,,,,,,,,,,,,,,,,,,,,,,,
NSKY,NSKY,135,,,,,,,,,,,,,,,,,,,,,,,,,,,,,,,,,,,,,,,,
NSLA,NSLA,512,,,,,,,,,,,,,,,,,,,,,,,,,,,,,,,,,,,,,,,,
NSMD,NSMD,24,,,,,,,,,,,,,,,,,,,,,,,,,,,,,,,,,,,,,,,,
NSMI,NSMI,925,,,,,,,,,,,,,,,,,,,,,,,,,,,,,,,,,,,,,,,,
NSMN,NSMN,3,,,,,,,,,,,,,,,,,,,,,,,,,,,,,,,,,,,,,,,,
NSMS,NSMS,145,,,,,,,,,,,,,,,,,,,,,,,,,,,,,,,,,,,,,,,,
NSMO,NSMO,16,,,,,,,,,,,,,,,,,,,,,,,,,,,,,,,,,,,,,,,,
NSMT,NSMT,272,,,,,,,,,,,,,,,,,,,,,,,,,,,,,,,,,,,,,,,,
NSNE,NSNE,19,,,,,,,,,,,,,,,,,,,,,,,,,,,,,,,,,,,,,,,,
NSNM,NSNM,72,,,,,,,,,,,,,,,,,,,,,,,,,,,,,,,,,,,,,,,,
NSNY,NSNY,183,,,,,,,,,,,,,,,,,,,,,,,,,,,,,,,,,,,,,,,,
NSOH,NSOH,314,,,,,,,,,,,,,,,,,,,,,,,,,,,,,,,,,,,,,,,,
NSOK,NSOK,247,,,,,,,,,,,,,,,,,,,,,,,,,,,,,,,,,,,,,,,,
NSOR,NSOR,25,,,,,,,,,,,,,,,,,,,,,,,,,,,,,,,,,,,,,,,,
NSPA,NSPA,607,,,,,,,,,,,,,,,,,,,,,,,,,,,,,,,,,,,,,,,,
NSTN,NSTN,1,,,,,,,,,,,,,,,,,,,,,,,,,,,,,,,,,,,,,,,,
NSTX,NSTX,693,,,,,,,,,,,,,,,,,,,,,,,,,,,,,,,,,,,,,,,,
NSUT,NSUT,90,,,,,,,,,,,,,,,,,,,,,,,,,,,,,,,,,,,,,,,,
NSVA,NSVA,8,,,,,,,,,,,,,,,,,,,,,,,,,,,,,,,,,,,,,,,,
NSWA,NSWA,25,,,,,,,,,,,,,,,,,,,,,,,,,,,,,,,,,,,,,,,,
NSWV,NSWV,358,,,,,,,,,,,,,,,,,,,,,,,,,,,,,,,,,,,,,,,,
NSWY,NSWY,64,,,,,,,,,,,,,,,,,,,,,,,,,,,,,,,,,,,,,,,,
"% Natural gas storage, withdrawal capacity (MMcf / h)",,,,,,,,,,,,,,,,,,,,,,,,,,,,,,,,,,,,,,,,,,
NSAL,NTAL,66.66666667,,,,,,,,,,,,,,,,,,,,,,,,,,,,,,,,,,,,,,,,
NSAR,NTAR,9.604166667,,,,,,,,,,,,,,,,,,,,,,,,,,,,,,,,,,,,,,,,
NSCA,NTCA,286.4583333,,,,,,,,,,,,,,,,,,,,,,,,,,,,,,,,,,,,,,,,
NSCO,NTCO,45.33254167,,,,,,,,,,,,,,,,,,,,,,,,,,,,,,,,,,,,,,,,
NSIL,NTIL,255.6666667,,,,,,,,,,,,,,,,,,,,,,,,,,,,,,,,,,,,,,,,
NSIN,NTIN,32.52720833,,,,,,,,,,,,,,,,,,,,,,,,,,,,,,,,,,,,,,,,
NSIA,NTIA,50,,,,,,,,,,,,,,,,,,,,,,,,,,,,,,,,,,,,,,,,
NSKS,NTKS,100.732125,,,,,,,,,,,,,,,,,,,,,,,,,,,,,,,,,,,,,,,,
NSKY,NTKY,79.50979167,,,,,,,,,,,,,,,,,,,,,,,,,,,,,,,,,,,,,,,,
NSLA,NTLA,347.506875,,,,,,,,,,,,,,,,,,,,,,,,,,,,,,,,,,,,,,,,
NSMD,NTMD,16.66666667,,,,,,,,,,,,,,,,,,,,,,,,,,,,,,,,,,,,,,,,
NSMI,NTMI,724.625,,,,,,,,,,,,,,,,,,,,,,,,,,,,,,,,,,,,,,,,
NSMN,NTMN,2.5,,,,,,,,,,,,,,,,,,,,,,,,,,,,,,,,,,,,,,,,
NSMS,NTMS,222.80725,,,,,,,,,,,,,,,,,,,,,,,,,,,,,,,,,,,,,,,,
NSMO,NTMO,14.58333333,,,,,,,,,,,,,,,,,,,,,,,,,,,,,,,,,,,,,,,,
NSMT,NTMT,12.90895833,,,,,,,,,,,,,,,,,,,,,,,,,,,,,,,,,,,,,,,,
NSNE,NTNE,7.041666667,,,,,,,,,,,,,,,,,,,,,,,,,,,,,,,,,,,,,,,,
NSNM,NTNM,14.58333333,,,,,,,,,,,,,,,,,,,,,,,,,,,,,,,,,,,,,,,,
NSNY,NTNY,75.49941667,,,,,,,,,,,,,,,,,,,,,,,,,,,,,,,,,,,,,,,,
NSOH,NTOH,203.2104167,,,,,,,,,,,,,,,,,,,,,,,,,,,,,,,,,,,,,,,,
NSOK,NTOK,156.125,,,,,,,,,,,,,,,,,,,,,,,,,,,,,,,,,,,,,,,,
NSOR,NTOR,21.45833333,,,,,,,,,,,,,,,,,,,,,,,,,,,,,,,,,,,,,,,,
NSPA,NTPA,357.173125,,,,,,,,,,,,,,,,,,,,,,,,,,,,,,,,,,,,,,,,
NSTN,NTTN,0.833333333,,,,,,,,,,,,,,,,,,,,,,,,,,,,,,,,,,,,,,,,
NSTX,NTTX,539.6562083,,,,,,,,,,,,,,,,,,,,,,,,,,,,,,,,,,,,,,,,
NSUT,NTUT,21.95833333,,,,,,,,,,,,,,,,,,,,,,,,,,,,,,,,,,,,,,,,
NSVA,NTVA,13.54166667,,,,,,,,,,,,,,,,,,,,,,,,,,,,,,,,,,,,,,,,
NSWA,NTWA,47.91666667,,,,,,,,,,,,,,,,,,,,,,,,,,,,,,,,,,,,,,,,
NSWV,NTWV,159.9369583,,,,,,,,,,,,,,,,,,,,,,,,,,,,,,,,,,,,,,,,
NSWY,NTWY,12.568125,,,,,,,,,,,,,,,,,,,,,,,,,,,,,,,,,,,,,,,,
"% Natural gas storage, injection capacity (MMcf / h)",,,,,,,,,,,,,,,,,,,,,,,,,,,,,,,,,,,,,,,,,,
NTAL,NSAL,33.33333334,,,,,,,,,,,,,,,,,,,,,,,,,,,,,,,,,,,,,,,,
NTAR,NSAR,4.802083334,,,,,,,,,,,,,,,,,,,,,,,,,,,,,,,,,,,,,,,,
NTCA,NSCA,143.2291667,,,,,,,,,,,,,,,,,,,,,,,,,,,,,,,,,,,,,,,,
NTCO,NSCO,22.66627084,,,,,,,,,,,,,,,,,,,,,,,,,,,,,,,,,,,,,,,,
NTIL,NSIL,127.8333334,,,,,,,,,,,,,,,,,,,,,,,,,,,,,,,,,,,,,,,,
NTIN,NSIN,16.26360417,,,,,,,,,,,,,,,,,,,,,,,,,,,,,,,,,,,,,,,,
NTIA,NSIA,25,,,,,,,,,,,,,,,,,,,,,,,,,,,,,,,,,,,,,,,,
NTKS,NSKS,50.3660625,,,,,,,,,,,,,,,,,,,,,,,,,,,,,,,,,,,,,,,,
NTKY,NSKY,39.75489584,,,,,,,,,,,,,,,,,,,,,,,,,,,,,,,,,,,,,,,,
NTLA,NSLA,173.7534375,,,,,,,,,,,,,,,,,,,,,,,,,,,,,,,,,,,,,,,,
NTMD,NSMD,8.333333335,,,,,,,,,,,,,,,,,,,,,,,,,,,,,,,,,,,,,,,,
NTMI,NSMI,362.3125,,,,,,,,,,,,,,,,,,,,,,,,,,,,,,,,,,,,,,,,
NTMN,NSMN,1.25,,,,,,,,,,,,,,,,,,,,,,,,,,,,,,,,,,,,,,,,
NTMS,NSMS,111.403625,,,,,,,,,,,,,,,,,,,,,,,,,,,,,,,,,,,,,,,,
NTMO,NSMO,7.291666665,,,,,,,,,,,,,,,,,,,,,,,,,,,,,,,,,,,,,,,,
NTMT,NSMT,6.454479165,,,,,,,,,,,,,,,,,,,,,,,,,,,,,,,,,,,,,,,,
NTNE,NSNE,3.520833334,,,,,,,,,,,,,,,,,,,,,,,,,,,,,,,,,,,,,,,,
NTNM,NSNM,7.291666665,,,,,,,,,,,,,,,,,,,,,,,,,,,,,,,,,,,,,,,,
NTNY,NSNY,37.74970834,,,,,,,,,,,,,,,,,,,,,,,,,,,,,,,,,,,,,,,,
NTOH,NSOH,101.6052084,,,,,,,,,,,,,,,,,,,,,,,,,,,,,,,,,,,,,,,,
NTOK,NSOK,78.0625,,,,,,,,,,,,,,,,,,,,,,,,,,,,,,,,,,,,,,,,
NTOR,NSOR,10.72916667,,,,,,,,,,,,,,,,,,,,,,,,,,,,,,,,,,,,,,,,
NTPA,NSPA,178.5865625,,,,,,,,,,,,,,,,,,,,,,,,,,,,,,,,,,,,,,,,
NTTN,NSTN,0.416666667,,,,,,,,,,,,,,,,,,,,,,,,,,,,,,,,,,,,,,,,
NTTX,NSTX,269.8281042,,,,,,,,,,,,,,,,,,,,,,,,,,,,,,,,,,,,,,,,
NTUT,NSUT,10.97916667,,,,,,,,,,,,,,,,,,,,,,,,,,,,,,,,,,,,,,,,
NTVA,NSVA,6.770833335,,,,,,,,,,,,,,,,,,,,,,,,,,,,,,,,,,,,,,,,
NTWA,NSWA,23.95833334,,,,,,,,,,,,,,,,,,,,,,,,,,,,,,,,,,,,,,,,
NTWV,NSWV,79.96847915,,,,,,,,,,,,,,,,,,,,,,,,,,,,,,,,,,,,,,,,
NTWY,NSWY,6.2840625,,,,,,,,,,,,,,,,,,,,,,,,,,,,,,,,,,,,,,,,
% Pulverized coal,,,,,,,,,,,,,,,,,,,,,,,,,,,,,,,,,,,,,,,,,,
EC01,EL01,,62.11645,59.10345,55.0291,51.2165,45.9719,42.2739,36.117,30.6611,27.9955,26.34055,24.20235,21.86155,19.30505,16.40425,14.29335,11.77225,10.67825,7.548,6.8505,5.5556,5.5267,5.2119,3.8836,3.2135,1.708,1.24095,1.21995,1.20895,0.77415,0.433,0.433,0.433,0.4298,0.4204,0.4204,0.4204,0.4204,0.4204,0.091,0.067
EC02,EL02,,21.0163,21.0163,21.0163,21.0163,20.4229,19.8295,19.8295,19.2361,18.6427,18.2827,15.7114,12.5849,11.1767,8.4287,7.8381,5.6875,5.234,5.234,3.052,1.3752,1.3752,0.9152,0.9152,0.7406,0.566,0,0,0,0,0,0,0,0,0,0,0,0,0,0,0
EC03,EL03,,17.701,16.765,14.0786,11.1268,8.9888,8.1833,7.3643,7.3643,7.3584,6.4447,4.839,4.839,4.809,3.4529,3.4529,3.4529,3.4529,2.7679,2.7499,2.6829,2.4979,2.3615,2.2581,2.054,1.271,1.1408,1.0461,1.0461,0.814,0.814,0.814,0.814,0.585,0.585,0.585,0.585,0.585,0,0,0
EC04,EL04,,16.10575,14.4489,13.3795,12.30865,12.0218,9.448,8.503,8.49675,6.71345,5.86495,4.63705,3.50855,3.31505,2.6438,2.33805,1.38565,1.38565,1.38565,0.8578,0.83855,0.7038,0.69655,0.61455,0.61455,0.56955,0.56955,0.56955,0.53855,0.53855,0.53305,0.45805,0.45805,0.45805,0.45805,0.45205,0.45205,0.45205,0.42005,0.30095,0.2975
EC05,EL05,,18.9514,18.4163,17.86705,17.58055,17.52995,17.15425,16.75475,16.73975,15.03495,14.26215,12.65385,11.65465,8.88325,7.412,5.98445,5.08565,4.09825,3.66335,3.124,2.6891,1.60725,1.46745,1.46445,1.44365,1.44365,1.43965,1.43965,1.43965,1.40865,1.39675,1.37375,1.37375,1.37375,1.25265,1.25265,1.25265,1.25265,1.25265,1.22345,1.22
EC06,EL06,,0.9104,0.8704,0.8448,0.8448,0.8448,0.8448,0.8448,0.8448,0.8448,0.8448,0.8448,0.8448,0.8448,0.8448,0.8448,0.8448,0.8448,0.1897,0.1897,0.1897,0.1641,0.1566,0.1011,0.1011,0.0105,0.0105,0.0105,0.0105,0.0105,0.0105,0.0105,0.0105,0.0105,0.0105,0.0105,0,0,0,0,0
EC07,EL07,,1.0678,0.3222,0.3222,0.3222,0.3222,0.3222,0.3222,0.3222,0.3222,0.3222,0.3222,0.3222,0.3222,0.3222,0.3222,0.3222,0.3222,0.3222,0.3165,0.3165,0.3165,0.3165,0.1026,0,0,0,0,0,0,0,0,0,0,0,0,0,0,0,0,0
EC08,EL08,,10.3158,10.3158,9.792,8.9768,8.9768,8.9768,7.9533,7.9533,7.9533,7.5078,7.5078,7.5078,7.5078,7.5078,7.2571,6.0797,6.0797,4.6259,3.4253,3.4253,2.2818,1.4778,1.4778,1.4778,1.4778,1.4778,1.4778,1.1862,0.7908,0,0,0,0,0,0,0,0,0,0,0
EC09,EL09,,37.8355,36.4849,34.46125,32.49335,30.30585,27.70035,23.43345,19.64195,17.29485,16.3397,15.75055,13.65705,13.46695,12.17075,11.5104,10.604,9.8449,8.39465,7.54665,7.54665,6.37405,6.25275,4.60675,4.47995,3.74645,3.4551,3.4351,3.2182,2.3575,1.59905,1.59905,1.59905,1.49985,1.49985,1.243,1.243,1.243,1.243,1.243,1.243
EC10,EL10,,24.2511,23.82665,23.1775,22.73175,21.8844,21.2739,19.7814,19.77515,19.77515,19.36765,17.226,15.151,14.0645,11.0895,8.45785,5.83375,3.29605,1.87405,1.35405,0.6141,0.6141,0.60685,0.60685,0.25685,0.25685,0.25685,0.25685,0.25685,0.25685,0.25685,0.25685,0.25685,0.25685,0.25685,0,0,0,0,0,0
EC11,EL11,,13.4768,13.0677,13.05685,13.05685,12.89365,11.98375,11.25385,10.4669,9.81995,9.059,8.5535,7.8842,7.5922,6.5029,5.6557,5.3707,4.5803,3.8023,3.5125,1.415,0.595,0.595,0.595,0.5535,0.5535,0.5535,0.4954,0.4892,0.4492,0.4492,0.4492,0.4492,0.4492,0.4492,0.4492,0.4492,0.4052,0.4052,0.4052,0.2895
EC12,EL12,,16.6911,16.119,15.29005,14.47195,14.30875,14.12875,13.37725,12.1099,10.62185,8.8779,8.8629,8.393,6.2807,4.9041,3.3678,2.5278,2.5078,1.5108,1.086,1.086,1.086,1.086,1.086,0.6612,0.5819,0.5819,0.5819,0.5819,0.5419,0.5419,0.5415,0.5415,0.5415,0.5415,0.5415,0.5415,0.4975,0.4975,0.4975,0.0475
EC13,EL13,,0.4154,0.4154,0.4154,0.4154,0.4154,0.4154,0.4154,0.4154,0.4154,0.4154,0.4154,0.3604,0.3604,0.3604,0.3604,0.3604,0.3604,0.3604,0.3604,0.3604,0.3064,0.2464,0.108,0,0,0,0,0,0,0,0,0,0,0,0,0,0,0,0,0
% Inland Wind,,,,,,,,,,,,,,,,,,,,,,,,,,,,,,,,,,,,,,,,,,
EW01,EL01,,0.5913,0.5913,0.5913,0.5913,0.5913,0.5913,0.5913,0.5913,0.5913,0.5913,0.5913,0.5913,0.5913,0.5913,0.5913,0.5913,0.5913,0.5913,0.5913,0.5895,0.5235,0.5199,0.5163,0.5163,0.5163,0.5163,0,0,0,0,0,0,0,0,0,0,0,0,0,0
EW02,EL02,,7.4308,7.4308,7.4308,7.4308,7.4308,7.4308,7.4308,7.4308,7.4308,7.4308,7.4308,7.4308,7.4308,7.3972,7.3972,7.3972,7.3629,7.2509,7.2509,6.4991,6.3386,6.1381,6.1381,5.5846,4.6933,2.941,0,0,0,0,0,0,0,0,0,0,0,0,0,0
EW03,EL03,,0.3606,0.3606,0.3606,0.3606,0.3606,0.3606,0.3606,0.3606,0.3606,0.3606,0.3606,0.3606,0.3606,0.3606,0.3606,0.3606,0.3606,0.3606,0.3502,0.3262,0.3262,0.2317,0.2317,0.2317,0.2077,0.0672,0,0,0,0,0,0,0,0,0,0,0,0,0,0
EW04,EL04,,1.225,1.225,1.225,1.225,1.225,1.225,1.225,1.225,1.225,1.225,1.225,1.225,1.225,1.225,1.225,1.225,1.2244,1.2137,1.2137,1.2137,1.1987,1.1483,1.1483,1.0936,1.0936,0.43085,0,0,0,0,0,0,0,0,0,0,0,0,0,0
EW05,EL05,,5.42895,5.42895,5.42895,5.42895,5.42895,5.42895,5.42895,5.42895,5.42895,5.42895,5.42895,5.42895,5.40705,5.40705,5.40705,5.40705,5.29745,4.91065,4.90455,4.78955,4.62665,4.27485,4.06295,3.67125,3.35925,2.53685,0,0,0,0,0,0,0,0,0,0,0,0,0,0
EW06,EL06,,0.7066,0.7066,0.7066,0.7066,0.7066,0.7066,0.7066,0.7066,0.7066,0.7066,0.7066,0.7066,0.7066,0.7066,0.7066,0.7066,0.7066,0.7066,0.6885,0.6585,0.6585,0.6585,0.6585,0.5215,0.3365,0.282,0,0,0,0,0,0,0,0,0,0,0,0,0,0
EW07,EL07,,0.0783,0.0783,0.0783,0.0783,0.0783,0.0783,0.0783,0.0783,0.0783,0.0783,0.0783,0.0783,0.0783,0.0783,0.0783,0.0723,0.0723,0.0723,0.0723,0.0723,0.0723,0.0723,0.0723,0.0723,0.0705,0.0285,0,0,0,0,0,0,0,0,0,0,0,0,0,0
EW08,EL08,,0,0,0,0,0,0,0,0,0,0,0,0,0,0,0,0,0,0,0,0,0,0,0,0,0,0,0,0,0,0,0,0,0,0,0,0,0,0,0,0
EW09,EL09,,0.0288,0.0288,0.0288,0.0288,0.0288,0.0288,0.0288,0.0288,0.0288,0.0288,0.0288,0.0288,0.0288,0.0288,0.0288,0.0288,0.0288,0.0288,0.027,0.027,0.027,0.027,0,0,0,0,0,0,0,0,0,0,0,0,0,0,0,0,0,0
EW10,EL10,,1.60125,1.60125,1.60125,1.60125,1.60125,1.60125,1.60125,1.60125,1.60125,1.60125,1.60125,1.60125,1.60125,1.60125,1.60125,1.60125,1.60125,1.60125,1.60125,1.60125,1.48925,1.31295,1.31295,0.86495,0.64495,0.5221,0,0,0,0,0,0,0,0,0,0,0,0,0,0
EW11,EL11,,3.1815,3.1815,3.1815,3.1815,3.1815,3.1815,3.1815,3.1815,3.1815,3.1815,3.1815,3.1815,3.1815,3.1815,3.1815,3.1815,3.1559,3.12015,3.11105,2.76175,2.61615,2.50315,2.50315,2.1314,1.5258,0.7148,0,0,0,0,0,0,0,0,0,0,0,0,0,0
EW12,EL12,,1.901,1.901,1.901,1.901,1.901,1.901,1.901,1.901,1.901,1.901,1.901,1.901,1.901,1.901,1.901,1.901,1.8952,1.84295,1.83385,1.76925,1.76925,1.33125,1.26525,1.124,0.974,0.198,0,0,0,0,0,0,0,0,0,0,0,0,0,0
EW13,EL13,,2.3175,1.9751,1.7986,1.6875,1.5873,1.4773,1.4503,1.3515,1.1945,1.1176,1.1107,1.1065,1.0003,1.0003,0.972,0.9579,0.9579,0.8459,0.8459,0.7793,0.6685,0.4841,0.4016,0.3411,0.1291,0.0661,0,0,0,0,0,0,0,0,0,0,0,0,0,0
% PV Solar,,,,,,,,,,,,,,,,,,,,,,,,,,,,,,,,,,,,,,,,,,
EV01,EL01,,0,0,0,0,0,0,0,0,0,0,0,0,0,0,0,0,0,0,0,0,0,0,0,0,0,0,0,0,0,0,0,0,0,0,0,0,0,0,0,0
EV02,EL02,,0,0,0,0,0,0,0,0,0,0,0,0,0,0,0,0,0,0,0,0,0,0,0,0,0,0,0,0,0,0,0,0,0,0,0,0,0,0,0,0
EV03,EL03,,0.003,0.003,0.003,0.003,0.003,0.003,0.003,0.003,0.003,0.003,0.003,0.003,0.003,0.003,0.003,0.003,0.003,0.003,0.003,0.003,0.003,0.003,0.003,0.003,0.003,0.003,0.003,0.003,0.003,0.003,0.003,0,0,0,0,0,0,0,0,0
EV04,EL04,,0,0,0,0,0,0,0,0,0,0,0,0,0,0,0,0,0,0,0,0,0,0,0,0,0,0,0,0,0,0,0,0,0,0,0,0,0,0,0,0
EV05,EL05,,0,0,0,0,0,0,0,0,0,0,0,0,0,0,0,0,0,0,0,0,0,0,0,0,0,0,0,0,0,0,0,0,0,0,0,0,0,0,0,0
EV06,EL06,,0,0,0,0,0,0,0,0,0,0,0,0,0,0,0,0,0,0,0,0,0,0,0,0,0,0,0,0,0,0,0,0,0,0,0,0,0,0,0,0
EV07,EL07,,1.00E-04,1.00E-04,1.00E-04,1.00E-04,1.00E-04,1.00E-04,1.00E-04,1.00E-04,1.00E-04,1.00E-04,1.00E-04,1.00E-04,1.00E-04,1.00E-04,1.00E-04,1.00E-04,1.00E-04,1.00E-04,1.00E-04,1.00E-04,1.00E-04,1.00E-04,1.00E-04,1.00E-04,1.00E-04,1.00E-04,1.00E-04,1.00E-04,1.00E-04,1.00E-04,1.00E-04,0,0,0,0,0,0,0,0,0
EV08,EL08,,0,0,0,0,0,0,0,0,0,0,0,0,0,0,0,0,0,0,0,0,0,0,0,0,0,0,0,0,0,0,0,0,0,0,0,0,0,0,0,0
EV09,EL09,,0.0032,0.0032,0.0032,0.0032,0.0032,0.0032,0.0032,0.0032,0.0032,0.0032,0.0032,0.0032,0.0032,0.0032,0.0032,0.0032,0.0032,0.0032,0.0032,0.0032,0.0032,0.0032,0.0032,0.0032,0.0032,0.0032,0.0032,0.0032,0.0032,0.0032,0.0032,0,0,0,0,0,0,0,0,0
EV10,EL10,,0,0,0,0,0,0,0,0,0,0,0,0,0,0,0,0,0,0,0,0,0,0,0,0,0,0,0,0,0,0,0,0,0,0,0,0,0,0,0,0
EV11,EL11,,0.0255,0.0255,0.0255,0.0255,0.0255,0.0255,0.0255,0.0255,0.0255,0.0255,0.0255,0.0255,0.0255,0.0255,0.0255,0.0255,0.0255,0.0255,0.0255,0.0255,0.0255,0.0255,0.0255,0.0255,0.0255,0.0255,0.0255,0.0255,0.0255,0.0255,0.01,0,0,0,0,0,0,0,0,0
EV12,EL12,,0.0197,0.0197,0.0197,0.0197,0.0197,0.0197,0.0197,0.0197,0.0197,0.0197,0.0197,0.0193,0.0193,0.0193,0.0193,0.0193,0.0193,0.0193,0.0193,0.0193,0.0193,0.0192,0.0191,0.0191,0.0138,0.0117,0.0117,0.0117,0.0117,0.0117,0.0035,0,0,0,0,0,0,0,0,0
EV13,EL13,,0.0164,0.0164,0.0164,0.0164,0.0164,0.0164,0.0164,0.0154,0.0154,0.0144,0.0144,0.0144,0.0144,0.0144,0.0144,0.0144,0.0144,0.0144,0.0144,0.0144,0.0144,0.0144,0.0144,0.0144,0.0144,0.0144,0.0144,0.0144,0.0144,0.0134,0.0094,0,0,0,0,0,0,0,0,0
% Solar Thermal,,,,,,,,,,,,,,,,,,,,,,,,,,,,,,,,,,,,,,,,,,
EU01,EL01,,0,0,0,0,0,0,0,0,0,0,0,0,0,0,0,0,0,0,0,0,0,0,0,0,0,0,0,0,0,0,0,0,0,0,0,0,0,0,0,0
EU02,EL02,,0,0,0,0,0,0,0,0,0,0,0,0,0,0,0,0,0,0,0,0,0,0,0,0,0,0,0,0,0,0,0,0,0,0,0,0,0,0,0,0
EU03,EL03,,0,0,0,0,0,0,0,0,0,0,0,0,0,0,0,0,0,0,0,0,0,0,0,0,0,0,0,0,0,0,0,0,0,0,0,0,0,0,0,0
EU04,EL04,,0,0,0,0,0,0,0,0,0,0,0,0,0,0,0,0,0,0,0,0,0,0,0,0,0,0,0,0,0,0,0,0,0,0,0,0,0,0,0,0
EU05,EL05,,0,0,0,0,0,0,0,0,0,0,0,0,0,0,0,0,0,0,0,0,0,0,0,0,0,0,0,0,0,0,0,0,0,0,0,0,0,0,0,0
EU06,EL06,,0,0,0,0,0,0,0,0,0,0,0,0,0,0,0,0,0,0,0,0,0,0,0,0,0,0,0,0,0,0,0,0,0,0,0,0,0,0,0,0
EU07,EL07,,0,0,0,0,0,0,0,0,0,0,0,0,0,0,0,0,0,0,0,0,0,0,0,0,0,0,0,0,0,0,0,0,0,0,0,0,0,0,0,0
EU08,EL08,,0,0,0,0,0,0,0,0,0,0,0,0,0,0,0,0,0,0,0,0,0,0,0,0,0,0,0,0,0,0,0,0,0,0,0,0,0,0,0,0
EU09,EL09,,0,0,0,0,0,0,0,0,0,0,0,0,0,0,0,0,0,0,0,0,0,0,0,0,0,0,0,0,0,0,0,0,0,0,0,0,0,0,0,0
EU10,EL10,,0,0,0,0,0,0,0,0,0,0,0,0,0,0,0,0,0,0,0,0,0,0,0,0,0,0,0,0,0,0,0,0,0,0,0,0,0,0,0,0
EU11,EL11,,0.064,0.064,0.064,0.064,0.064,0.064,0.064,0.064,0.064,0.064,0.064,0.064,0.064,0.064,0.064,0.064,0.064,0.064,0.064,0.064,0.064,0.064,0.064,0.064,0.064,0.064,0.064,0.064,0.064,0.064,0,0,0,0,0,0,0,0,0,0
EU12,EL12,,0.001,0.001,0.001,0.001,0.001,0.001,0.001,0.001,0.001,0.001,0.001,0.001,0.001,0.001,0.001,0.001,0.001,0.001,0.001,0.001,0.001,0.001,0.001,0.001,0.001,0.001,0.001,0.001,0,0,0,0,0,0,0,0,0,0,0,0
EU13,EL13,,0.4004,0.4004,0.4004,0.4004,0.4004,0.4004,0.4004,0.3866,0.3566,0.2882,0.254,0.184,0.092,0,0,0,0,0,0,0,0,0,0,0,0,0,0,0,0,0,0,0,0,0,0,0,0,0,0,0
% Nuclear,,,,,,,,,,,,,,,,,,,,,,,,,,,,,,,,,,,,,,,,,,
EN01,EL01,,8.3781,8.3781,8.3781,8.3781,8.3781,8.3781,8.3781,8.3781,8.3781,8.3781,8.3781,8.3781,8.3781,8.3781,8.3781,8.3781,8.3781,8.3781,8.3781,8.3781,8.3781,8.3781,8.3781,8.3781,8.3781,7.14255,6.7188,6.7188,5.5668,5.5668,4.6416,3.01845,3.01845,2.5286,2.5286,2.5286,2.5286,2.5286,2.5286,2.5286
EN02,EL02,,5.1386,5.1386,5.1386,5.1386,5.1386,5.1386,5.1386,5.1386,5.1386,5.1386,5.1386,5.1386,5.1386,5.1386,5.1386,5.1386,5.1386,5.1386,5.1386,5.1386,5.1386,5.1386,5.1386,5.1386,5.1386,5.1386,5.1386,5.1386,5.1386,5.1386,5.1386,5.1386,5.1386,5.1386,5.1386,5.1386,5.1386,5.1386,5.1386,5.1386
EN03,EL03,,11.8281,11.8281,11.8281,11.8281,11.8281,11.8281,11.8281,11.8281,11.8281,11.8281,11.8281,11.8281,11.8281,11.8281,11.8281,11.8281,11.8281,11.8281,11.8281,11.8281,11.8281,11.8281,11.8281,11.8281,11.8281,11.8281,11.8281,8.5485,7.6305,6.7071,5.7964,5.7964,5.7964,5.7964,5.7964,5.7964,4.4984,4.4984,3.2004,2.0619
EN04,EL04,,13.46695,13.46695,13.46695,13.46695,13.46695,13.46695,13.46695,13.46695,13.46695,13.46695,13.46695,13.46695,13.46695,13.46695,13.46695,13.46695,13.46695,13.46695,13.46695,13.46695,13.46695,13.46695,13.46695,12.29305,11.38105,9.29515,9.29515,9.0151,9.0151,9.0151,9.0151,9.0151,9.0151,9.0151,9.0151,9.0151,9.0151,6.0572,4.8152,4.8152
EN05,EL05,,4.60375,4.60375,4.60375,4.60375,4.60375,4.60375,4.60375,4.60375,4.60375,4.60375,4.60375,4.60375,4.60375,4.60375,4.60375,4.60375,4.60375,4.60375,4.60375,4.60375,4.60375,4.60375,4.60375,4.34185,3.71065,3.44875,2.94675,0.6795,0,0,0,0,0,0,0,0,0,0,0,0
EN06,EL06,,5.7081,5.7081,5.7081,5.7081,5.7081,5.7081,5.7081,5.7081,5.7081,5.7081,5.7081,5.7081,5.7081,5.7081,5.7081,5.7081,5.7081,5.7081,5.7081,5.7081,5.7081,5.7081,3.807,3.193,3.193,3.193,1.894,1.894,1.894,0,0,0,0,0,0,0,0,0,0,0
EN07,EL07,,4.6383,4.6383,4.6383,4.6383,4.6383,4.6383,4.6383,4.6383,4.6383,4.6383,4.6383,4.6383,4.6383,4.6383,4.6383,4.6383,4.6383,4.6383,4.6383,4.6383,4.6383,4.6383,4.6383,4.6383,4.6383,3.4049,3.4049,3.4049,2.495,2.495,2.495,2.495,2.495,2.495,2.495,2.495,2.495,2.495,2.495,1.242
EN08,EL08,,4.1104,4.1104,4.1104,4.1104,4.1104,4.1104,4.1104,4.1104,4.1104,4.1104,4.1104,4.1104,4.1104,4.1104,4.1104,4.1104,4.1104,4.1104,4.1104,4.1104,4.1104,4.1104,4.1104,4.1104,4.1104,3.3504,2.5904,2.5904,2.5904,1.7404,0.85,0.85,0.85,0.85,0.85,0.85,0,0,0,0
EN09,EL09,,27.51745,27.51745,27.51745,27.51745,27.51745,27.51745,27.51745,27.51745,27.51745,27.51745,27.51745,27.51745,27.51745,27.51745,27.51745,27.51745,27.51745,27.51745,27.51745,27.51745,27.51745,27.51745,27.51745,27.51745,26.74885,26.3251,25.01465,22.08265,19.17855,19.17855,16.20535,15.7155,14.8508,14.36095,11.03195,9.81145,9.81145,7.63725,5.7459,4.5408
EN10,EL10,,6.62055,6.62055,6.62055,6.62055,6.62055,6.62055,6.62055,6.62055,6.62055,6.62055,6.62055,6.62055,6.62055,6.62055,6.62055,6.62055,6.62055,6.62055,6.62055,6.62055,6.62055,6.62055,6.62055,6.62055,6.62055,6.62055,6.62055,5.71805,5.71805,5.71805,5.71805,5.71805,5.71805,4.77555,4.77555,4.77555,4.77555,4.15765,1.0359,0
EN11,EL11,,1.2,1.2,1.2,1.2,1.2,1.2,1.2,1.2,1.2,1.2,1.2,1.2,1.2,1.2,1.2,1.2,1.2,1.2,1.2,1.2,1.2,1.2,1.2,1.2,1.2,1.2,1.2,1.2,1.2,1.2,1.2,1.2,1.2,1.2,1.2,1.2,1.2,0,0,0
EN12,EL12,,4.2093,4.2093,4.2093,4.2093,4.2093,4.2093,4.2093,4.2093,4.2093,4.2093,4.2093,4.2093,4.2093,4.2093,4.2093,4.2093,4.2093,4.2093,4.2093,4.2093,4.2093,4.2093,4.2093,4.2093,4.2093,4.2093,4.2093,4.2093,4.2093,4.2093,4.2093,4.2093,4.2093,4.2093,4.2093,4.2093,4.2093,4.2093,4.2093,1.4031
EN13,EL13,,4.577,4.577,4.577,4.577,4.577,4.577,4.577,4.577,4.577,4.577,4.577,4.577,4.577,4.577,4.577,4.577,4.577,4.577,4.577,4.577,4.577,4.577,4.577,4.577,4.577,4.577,4.577,4.577,4.577,4.577,4.577,4.577,4.577,4.577,4.577,4.577,3.45,2.323,1.164,0
% Oil,,,,,,,,,,,,,,,,,,,,,,,,,,,,,,,,,,,,,,,,,,
EO01,EL01,,0.7447,0.7447,0.7187,0.7187,0.7052,0.67545,0.60685,0.60465,0.60095,0.58695,0.58265,0.57665,0.54985,0.51635,0.51485,0.4888,0.4819,0.4761,0.46465,0.459,0.44115,0.43835,0.38795,0.25635,0.10895,0.09015,0.06845,0.05675,0.04855,0.02295,0.0121,0,0,0,0,0,0,0,0,0
EO02,EL02,,0.242,0.242,0.242,0.24,0.24,0.24,0.2204,0.2204,0.2204,0.0364,0.0364,0.0364,0.0364,0.0364,0.0332,0.0332,0.0332,0.0332,0.0332,0.0332,0.0296,0.0188,0.0188,0.017,0.0066,0.003,0.003,0.003,0.003,0.0015,0.0015,0,0,0,0,0,0,0,0,0
EO03,EL03,,1.424,1.4116,1.4116,1.4116,0.7526,0.7526,0.7526,0.7482,0.7482,0.7482,0.7482,0.7462,0.73,0.636,0.18,0.18,0.1788,0.1764,0.1704,0.1704,0.0144,0.0144,0.0126,0.0108,0.0108,0.0108,0.0108,0,0,0,0,0,0,0,0,0,0,0,0,0
EO04,EL04,,0.6614,0.44705,0.43115,0.42645,0.41755,0.4134,0.4079,0.4067,0.40045,0.3937,0.39155,0.38585,0.371,0.35895,0.35895,0.35105,0.34335,0.341,0.33805,0.31145,0.3065,0.2942,0.28165,0.2279,0.1776,0.111,0.0771,0.06285,0.0534,0.0486,0.0059,0,0,0,0,0,0,0,0,0
EO05,EL05,,1.8749,1.1257,1.1144,1.1096,1.10625,1.101,1.0988,1.0988,1.0876,1.0805,1.0702,1.0656,1.06215,1.007,0.9215,0.8854,0.8623,0.8326,0.80565,0.77285,0.7464,0.6976,0.6447,0.51005,0.40145,0.28765,0.20375,0.15155,0.0554,0.0412,0.002,0,0,0,0,0,0,0,0,0
EO06,EL06,,1.4579,1.4579,0.5561,0.5561,0.5561,0.5561,0.5561,0.5481,0.5481,0.5481,0.5191,0.5191,0.2802,0.2802,0.2791,0.2756,0.2749,0.2176,0.2176,0.2176,0.2176,0.2176,0.2176,0.2176,0.2176,0.1176,0.0036,0.002,0.002,0,0,0,0,0,0,0,0,0,0,0
EO07,EL07,,1.72,1.0757,1.0067,1.006,0.6447,0.4747,0.4747,0.4736,0.4198,0.413,0.4101,0.4002,0.4002,0.3962,0.3957,0.3835,0.3754,0.3712,0.3192,0.147,0.1465,0.1465,0.1452,0.1426,0.1409,0.1393,0.138,0.0856,0.0802,0.0498,0.04,0,0,0,0,0,0,0,0,0
EO08,EL08,,3.4996,2.92,2.92,1.9955,1.1313,1.1271,1.0887,1.0887,1.0887,1.0887,1.0887,1.0887,1.0847,1.0847,1.0655,0.9505,0.9481,0.9481,0.9481,0.9481,0.7831,0.7796,0.7402,0.7402,0.6387,0.042,0.042,0.042,0.042,0,0,0,0,0,0,0,0,0,0,0
EO09,EL09,,2.0703,2.0692,2.0023,1.9495,1.9492,1.94735,1.94735,1.93985,1.93985,1.93715,1.92035,1.85885,1.79205,1.78485,1.75415,1.7461,1.7171,1.7078,1.69525,1.6923,1.67285,1.62845,1.62045,1.42145,0.70255,0.11515,0.08665,0.07145,0.05245,0.02985,0.0101,0,0,0,0,0,0,0,0,0
EO10,EL10,,0.5071,0.40715,0.40715,0.39665,0.3859,0.3839,0.3688,0.3665,0.36015,0.3534,0.35275,0.33545,0.32085,0.30705,0.29475,0.28315,0.27865,0.2707,0.2707,0.2658,0.2598,0.2525,0.21995,0.20915,0.19785,0.15815,0.12525,0.0845,0.0789,0.0719,0.0034,0,0,0,0,0,0,0,0,0
EO11,EL11,,0.0955,0.0955,0.0945,0.0945,0.0945,0.0945,0.0945,0.0945,0.0945,0.0945,0.0805,0.0805,0.0805,0.0805,0.0805,0.0805,0.0805,0.0805,0.0155,0.0155,0.0155,0.0155,0.0036,0.0036,0.0036,0.0036,0.0036,0.0036,0,0,0,0,0,0,0,0,0,0,0,0
EO12,EL12,,0.0583,0.0323,0.0313,0.0313,0.0313,0.0297,0.0297,0.0297,0.0297,0.0267,0.0267,0.0267,0.0267,0.0198,0.0198,0.0198,0.0191,0.0191,0.0191,0.0191,0.0191,0.0176,0.0122,0.0118,0.0118,0.0018,0.0018,0.0018,0.0018,0.0018,0,0,0,0,0,0,0,0,0,0
EO13,EL13,,0.6351,0.4116,0.4116,0.3155,0.2443,0.2443,0.2095,0.1542,0.1542,0.1511,0.1511,0.1511,0.1101,0.0216,0.0216,0.0216,0.0216,0.0216,0.0188,0.0188,0.0188,0.0188,0.0188,0.015,0.015,0.015,0.015,0.015,0.015,0.015,0.015,0,0,0,0,0,0,0,0,0
% Hydro,,,,,,,,,,,,,,,,,,,,,,,,,,,,,,,,,,,,,,,,,,
EH01,EL01,,2.0372,2.0372,2.0362,2.034,2.0242,1.9954,1.9876,1.9829,1.9807,1.9628,1.961,1.93,1.9248,1.924,1.9218,1.9131,1.8899,1.87115,1.81155,1.81155,1.78755,1.70225,1.70185,1.6977,1.6535,1.6515,1.65,1.6495,1.6197,1.5177,1.5177,1.48665,1.44825,1.44825,1.44825,1.44825,1.43325,1.36965,1.27925,1.27925
EH02,EL02,,0.6442,0.6442,0.6442,0.6442,0.6442,0.6442,0.6442,0.6442,0.6442,0.6442,0.6442,0.6442,0.6442,0.6442,0.6442,0.6442,0.6442,0.6442,0.6442,0.6442,0.6354,0.6354,0.6354,0.6354,0.6306,0.6186,0.6186,0.6186,0.6186,0.6186,0.6186,0.5558,0.5558,0.5558,0.4373,0.4373,0.4373,0.4373,0.4023,0.4023
EH03,EL03,,1.2806,1.2806,1.2806,1.2702,1.2182,1.2182,1.2078,1.1854,1.1854,1.1854,1.1854,1.1854,1.1854,1.1854,1.1854,1.1854,1.1854,1.1534,1.1334,1.055,1.055,0.7606,0.7478,0.7478,0.6798,0.6158,0.5838,0.5508,0.5508,0.5508,0.5508,0.5508,0.5508,0.5178,0.5178,0.5178,0.5178,0.5178,0.5178,0.5178
EH04,EL04,,0.5336,0.5336,0.5327,0.52635,0.52405,0.52375,0.52295,0.52195,0.51955,0.515,0.4903,0.48775,0.48565,0.47925,0.47415,0.46705,0.4562,0.4461,0.4355,0.43055,0.42875,0.41615,0.41465,0.4124,0.3219,0.3219,0.3219,0.3219,0.3209,0.3209,0.3199,0.3062,0.3049,0.2993,0.2993,0.2905,0.2903,0.2903,0.2903,0.2901
EH05,EL05,,3.0762,3.0762,3.0753,3.06895,3.06665,3.06635,2.93955,2.92675,2.92375,2.9192,2.8919,2.88935,2.87475,2.86735,2.86075,2.85125,2.8345,2.79,2.774,2.76905,2.76595,2.75335,2.75135,2.7501,2.7469,2.7467,2.7467,2.7467,2.7195,2.6702,2.6692,2.6555,2.6542,2.6477,2.582,2.5768,2.5747,2.5747,2.5747,2.5635
EH06,EL06,,4.6013,4.5853,4.5813,4.5807,4.5767,4.5687,4.5637,4.5485,4.5149,4.5129,4.5129,4.4889,4.464,4.4482,4.4348,4.4245,4.3739,4.2758,4.2348,4.2235,4.2069,4.1631,4.1541,4.0771,4.0671,4.0491,4.0491,4.0491,4.0491,4.0491,4.0491,4.0491,4.0421,4.0391,4.0391,4.0361,4.0349,4.0315,4.0315,4.0315
EH07,EL07,,1.8408,1.8408,1.8323,1.8014,1.8006,1.7805,1.765,1.7463,1.7251,1.6987,1.6464,1.624,1.5952,1.5686,1.5348,1.5207,1.5127,1.4607,1.4294,1.3896,1.3763,1.322,1.3089,1.1074,1.069,1.069,1.0683,1.0665,1.0649,1.0563,1.0429,1.0351,1.0277,0.9798,0.9751,0.9735,0.9725,0.9708,0.9708,0.9692
EH08,EL08,,0.0557,0.0557,0.0557,0.0557,0.0557,0.0557,0.0557,0.0557,0.0557,0.0557,0.0557,0.0557,0.0557,0.0557,0.0557,0.0557,0.0557,0.0557,0.0557,0.0557,0.0557,0.0557,0.0557,0.0557,0.0557,0.0557,0.0557,0.0557,0.0557,0.0557,0.0557,0.0557,0.0557,0.0557,0.0557,0.0557,0.0557,0.0557,0.0557,0.0557
EH09,EL09,,11.075,11.0708,11.0428,11.022,11.0124,10.9552,10.8842,10.8449,10.8133,10.7533,10.6725,10.6725,10.5141,10.4913,10.4661,10.4571,10.329,10.25545,9.90245,9.81415,9.61605,9.40595,9.30115,8.928,8.815,8.815,8.8135,8.8112,8.8112,8.6447,8.6096,8.47185,8.34505,8.13975,8.04485,7.50405,7.26095,7.12715,6.96965,6.96755
EH10,EL10,,2.514,2.514,2.514,2.514,2.514,2.514,2.514,2.514,2.514,2.514,2.514,2.514,2.514,2.5137,2.5137,2.5122,2.5122,2.5122,2.5024,2.5024,2.5024,2.5024,2.5024,2.4449,2.3544,2.3544,2.3544,2.3544,2.3544,2.3544,2.3544,2.3544,2.3544,2.2675,2.2675,2.2675,2.2675,2.2273,2.2273,2.1841
EH11,EL11,,35.4004,35.3902,35.3851,35.3204,35.2876,35.2565,35.2426,35.2066,35.0583,35.022,34.997,34.9586,34.9411,34.9237,34.8995,34.8759,34.8649,34.7284,34.7024,34.6592,34.5639,34.5063,34.4499,34.3659,34.2698,34.1819,34.1819,34.1819,34.1735,33.6975,33.4716,33.0383,33.0119,33.0083,32.7003,32.3913,31.8098,31.5028,31.4378,31.4372
EH12,EL12,,3.5862,3.585,3.5706,3.5706,3.5606,3.5606,3.5606,3.5606,3.5606,3.5606,3.5606,3.5606,3.5606,3.5606,3.5606,3.5591,3.5591,3.5591,3.5575,3.5483,3.5143,3.5127,3.5115,3.4985,3.4971,3.4941,3.4941,3.4941,3.4941,3.4917,3.4302,3.4302,3.1389,3.111,2.981,2.851,2.698,2.698,2.698,2.698
EH13,EL13,,9.9649,9.9532,9.9477,9.9317,9.9279,9.9264,9.8371,9.813,9.813,9.7936,9.7549,9.7449,9.7424,9.6945,9.5153,9.4185,9.2809,9.2202,9.0612,9.0612,9.0246,8.8247,8.7691,8.7507,8.6862,8.6662,8.6662,8.6662,8.6662,8.6662,8.6662,8.6662,8.6618,8.6588,8.6444,8.5742,8.4902,8.0606,8.0606,8.0606
% NGCC,,,,,,,,,,,,,,,,,,,,,,,,,,,,,,,,,,,,,,,,,,
EG01,EL01,,12.66215,12.66215,12.66215,12.66215,12.66215,12.66215,12.66215,12.66215,12.66215,12.64965,12.64965,12.64965,12.12705,10.46865,10.28065,9.97555,9.97555,9.82535,9.67125,9.67125,9.43065,9.41725,9.24725,9.24725,8.63115,5.89665,1.70505,0,0,0,0,0,0,0,0,0,0,0,0,0
EG02,EL02,,37.0067,36.9062,36.8774,36.8774,36.8774,36.3585,36.08,35.8284,35.1085,34.6184,33.6242,33.5492,32.9552,32.9552,32.9552,32.9552,32.7077,31.945,31.8551,31.5135,31.4915,31.2315,29.9909,23.0023,18.1257,10.0519,3.6304,1.8332,1.5983,0.8801,0.24,0,0,0,0,0,0,0,0,0
EG03,EL03,,10.2034,10.2034,10.2034,10.2034,10.2034,10.2034,10.2034,10.2034,10.2034,10.2034,10.2034,10.2034,9.9072,9.9072,9.784,9.6958,9.4958,9.4958,9.4958,9.207,9.0144,9.0097,9.0097,9.0097,7.8001,5.8431,2.8321,0,0,0,0,0,0,0,0,0,0,0,0,0
EG04,EL04,,5.8743,5.8743,5.8743,5.8743,5.8743,5.8743,5.8743,5.8743,5.8696,5.8696,5.8696,5.8696,5.8696,5.8696,5.8696,5.8696,5.8696,5.8696,5.8696,5.8696,5.55585,5.43885,5.28055,5.14715,3.4506,1.3335,1.3335,0.98565,0.394,0.3015,0.3015,0,0,0,0,0,0,0,0,0
EG05,EL05,,5.18305,5.18305,5.18305,5.18305,5.18305,5.18305,5.18305,5.18305,5.18305,5.18305,5.18305,5.18305,5.18305,5.18305,5.18305,5.18305,5.18305,5.11755,5.11755,5.11285,4.6876,4.6876,4.6876,4.6876,4.6876,4.4732,4.0004,2.79745,1.69,1.0675,0.9455,0,0,0,0,0,0,0,0,0
EG06,EL06,,7.5796,7.5796,7.5796,7.5796,7.5796,7.5796,7.5796,7.5796,7.5796,7.5796,7.5796,7.5796,7.4361,7.3765,7.1212,6.5524,6.3745,4.0978,3.816,3.494,3.4909,3.4894,3.4894,3.4894,3.4421,3.4421,3.1421,2.1191,0.52,0,0,0,0,0,0,0,0,0,0,0
EG07,EL07,,13.0909,13.0909,13.0909,13.0909,13.0909,13.0909,13.0909,13.0909,13.0909,13.0909,13.0909,12.8968,12.8968,12.3378,11.6975,11.6205,11.1816,11.1816,10.6666,10.6666,10.6666,10.3266,9.6746,8.589,6.9003,4.0946,0.578,0,0,0,0,0,0,0,0,0,0,0,0,0
EG08,EL08,,19.1725,18.8511,18.8511,18.8511,18.8511,18.8511,18.7961,18.7961,18.7961,18.7961,18.7891,18.7891,18.7191,18.7191,18.7191,18.5762,17.1274,15.5984,15.3418,15.3418,15.0637,15.0637,14.5172,13.7272,12.0927,8.899,6.7275,5.3237,2.4329,2.4329,0.5989,0,0,0,0,0,0,0,0,0
EG09,EL09,,24.31285,24.28405,24.25525,24.22645,24.22645,24.22645,24.22645,24.22645,24.22645,24.22645,24.22645,24.15345,24.11635,23.62715,23.43915,23.13755,23.12555,22.92015,22.92015,22.81015,22.42865,22.22095,22.00145,20.33785,18.42165,12.30785,5.35355,2.4323,1.0557,0.6881,0.6881,0,0,0,0,0,0,0,0,0
EG10,EL10,,24.53245,24.38285,24.30635,24.30635,24.30635,24.08035,23.95535,23.95535,23.95535,23.80095,23.79095,23.79095,23.66855,23.66855,23.66855,23.66855,23.66855,23.66855,23.61455,23.48575,23.16595,23.16595,22.85085,21.23495,18.3551,10.8963,4.1176,1.7926,1.2886,0.679,0,0,0,0,0,0,0,0,0,0
EG11,EL11,,13.9398,13.9398,13.7548,13.6623,13.6623,13.5698,13.5698,13.5698,13.5698,13.5698,13.5698,13.5698,13.5698,13.5698,13.3494,13.1568,12.6769,12.1881,11.9218,11.2296,10.9816,10.9816,10.9816,10.3836,9.5806,8.2509,6.4724,4.699,4.4066,2.6665,1.5922,0,0,0,0,0,0,0,0,0
EG12,EL12,,16.0281,16.0281,16.0281,16.0281,16.0281,16.0281,16.0281,16.0281,16.0281,16.0281,15.9198,15.809,15.809,15.721,15.721,15.688,15.688,15.1463,15.1463,14.9712,14.9712,14.6286,14.4059,14.2637,12.5614,9.4382,4.469,2.439,1.7499,0.81,0.7,0,0,0,0,0,0,0,0,0
EG13,EL13,,17.4256,16.9306,16.9306,16.9294,16.9294,16.9294,16.9294,16.9294,16.8744,16.8714,16.3156,15.817,15.3868,15.1702,15.1702,15.1702,14.988,14.7766,14.3977,14.3083,13.985,13.985,13.985,13.985,12.2879,9.8921,6.2449,5.4536,1.8018,0.183,0,0,0,0,0,0,0,0,0,0
% CT,,,,,,,,,,,,,,,,,,,,,,,,,,,,,,,,,,,,,,,,,,
ET01,EL01,,22.90265,22.88895,21.75445,21.74275,21.64795,21.64485,21.64485,21.63795,21.63795,21.62445,21.62445,21.60445,21.41765,21.22875,21.14055,20.27305,20.05355,19.84755,19.41205,19.17525,19.14455,18.96575,17.39915,13.9148,9.3032,3.1714,1.93935,0.8008,0.2028,0.1785,0.1785,0,0,0,0,0,0,0,0,0
ET02,EL02,,8.3075,7.7092,7.2018,7.1144,7.1138,7.1138,7.1138,6.8401,6.6426,6.6264,6.4688,5.2949,5.0425,4.4815,4.4713,4.3265,4.2474,3.97,3.6436,3.5921,3.0393,3.0383,2.6718,2.22,1.6077,1.6069,1.6069,0.9342,0.6082,0.4336,0.2636,0,0,0,0,0,0,0,0,0
ET03,EL03,,3.3271,3.3271,3.3271,3.3271,3.3271,3.3271,3.3271,3.3245,3.2709,3.2583,3.2048,3.1804,3.0756,3.0756,3.0305,2.7045,2.7045,2.7038,2.5101,2.5101,2.5101,2.5101,2.4215,2.2809,1.6962,0.8515,0.0283,0.0016,0.0016,0.0016,0,0,0,0,0,0,0,0,0,0
ET04,EL04,,16.16615,16.10165,16.07025,16.0623,15.9608,15.96035,15.90585,15.90585,15.9031,15.8613,15.8578,15.8112,15.7518,15.73245,15.72155,15.6501,15.45085,15.2586,14.98,14.8905,14.7486,14.7486,13.09965,10.5597,5.97525,2.1298,0.9569,0.92665,0.00665,0.00665,0,0,0,0,0,0,0,0,0,0
ET05,EL05,,6.35325,6.13535,6.10385,6.0941,6.0941,6.0494,6.0494,6.0494,6.04665,6.04665,6.04105,6.04105,6.03835,5.88075,5.81555,5.79675,5.613,5.0503,4.8372,4.6436,4.5422,4.5322,4.41635,3.9901,2.63255,2.40145,1.79415,1.5267,0.8378,0.7435,0.493,0,0,0,0,0,0,0,0,0
ET06,EL06,,1.9148,1.9148,1.9148,1.9148,1.9148,1.9148,1.9148,1.9148,1.9148,1.9077,1.9077,1.9039,1.9039,1.9005,1.8966,1.7493,1.7493,1.7376,1.6869,1.6862,1.6862,1.6862,1.6862,1.6785,1.1615,0.7315,0.4815,0.361,0.001,0.001,0.001,0,0,0,0,0,0,0,0,0
ET07,EL07,,0.8413,0.8413,0.8413,0.8193,0.8175,0.8131,0.8119,0.8107,0.8107,0.8095,0.8095,0.8095,0.8095,0.7659,0.7659,0.7401,0.7381,0.7229,0.7017,0.7017,0.7017,0.7017,0.5908,0.5313,0.2601,0.1256,0.1006,0.0948,0.0948,0.0948,0,0,0,0,0,0,0,0,0,0
ET08,EL08,,6.8989,6.8989,6.8989,6.7765,6.7637,6.7637,6.7612,6.7612,6.7612,6.7582,6.7461,6.7023,6.616,6.5692,6.5679,5.9629,5.3159,5.2309,5.2309,5.1348,5.1348,5.1207,5.1207,4.3212,3.7304,1.3528,0.9908,0.9908,0.8708,0.5504,0,0,0,0,0,0,0,0,0,0
ET09,EL09,,25.59435,25.59435,25.59175,25.59175,25.59175,25.58865,25.58865,25.55115,25.51375,25.46335,25.46005,25.46005,25.27625,25.05025,24.81135,24.57805,24.57805,23.55,21.4245,20.6431,20.2549,20.0039,18.8083,11.91195,7.6065,4.1753,1.6233,0.9743,0.93255,0.8908,0.1785,0,0,0,0,0,0,0,0,0
ET10,EL10,,9.6988,9.63,9.4489,9.448,9.3151,9.28195,9.22155,9.17985,9.08205,9.02345,9.02345,8.99085,8.92285,8.6959,8.6903,7.74295,7.73545,7.66575,7.56805,7.49835,7.14295,6.98035,6.74545,6.01335,4.0623,2.78475,2.0289,1.96715,1.6261,1.38955,0.8246,0,0,0,0,0,0,0,0,0
ET11,EL11,,4.15705,4.09525,4.05455,4.04455,3.69755,3.69755,3.6963,3.4381,3.4381,3.4153,3.4147,3.4095,3.4075,3.4056,3.183,3.18175,3.18175,3.01175,2.65655,2.65555,2.65555,2.65555,2.65555,2.62855,2.06945,1.4459,1.3991,1.3713,1.0787,0.8988,0.8988,0,0,0,0,0,0,0,0,0
ET12,EL12,,4.82125,4.82125,4.82125,4.82125,4.76045,4.76045,4.7592,4.7531,4.7531,4.7531,4.7531,4.7531,4.7027,4.6903,4.6903,4.68905,4.68905,4.68905,4.68905,4.58655,4.58655,4.33275,4.26115,3.71845,3.27585,1.875,1.213,1.1237,1.1167,1.0627,0.6687,0,0,0,0,0,0,0,0,0
ET13,EL13,,7.2399,6.8903,6.8654,6.8654,6.8654,6.7738,6.7054,6.592,6.1195,5.6966,5.3075,5.1169,4.5097,4.2505,3.9834,3.8111,3.7607,3.7141,3.608,3.4028,3.4028,3.4028,3.4028,3.4028,2.4511,1.6563,0.9023,0.7271,0.5447,0.3237,0.1245,0,0,0,0,0,0,0,0,0
% Geothermal,,,,,,,,,,,,,,,,,,,,,,,,,,,,,,,,,,,,,,,,,,
E101,EL01,,0,0,0,0,0,0,0,0,0,0,0,0,0,0,0,0,0,0,0,0,0,0,0,0,0,0,0,0,0,0,0,0,0,0,0,0,0,0,0,0
E102,EL02,,0,0,0,0,0,0,0,0,0,0,0,0,0,0,0,0,0,0,0,0,0,0,0,0,0,0,0,0,0,0,0,0,0,0,0,0,0,0,0,0
E103,EL03,,0,0,0,0,0,0,0,0,0,0,0,0,0,0,0,0,0,0,0,0,0,0,0,0,0,0,0,0,0,0,0,0,0,0,0,0,0,0,0,0
E104,EL04,,0,0,0,0,0,0,0,0,0,0,0,0,0,0,0,0,0,0,0,0,0,0,0,0,0,0,0,0,0,0,0,0,0,0,0,0,0,0,0,0
E105,EL05,,0,0,0,0,0,0,0,0,0,0,0,0,0,0,0,0,0,0,0,0,0,0,0,0,0,0,0,0,0,0,0,0,0,0,0,0,0,0,0,0
E106,EL06,,0,0,0,0,0,0,0,0,0,0,0,0,0,0,0,0,0,0,0,0,0,0,0,0,0,0,0,0,0,0,0,0,0,0,0,0,0,0,0,0
E107,EL07,,0,0,0,0,0,0,0,0,0,0,0,0,0,0,0,0,0,0,0,0,0,0,0,0,0,0,0,0,0,0,0,0,0,0,0,0,0,0,0,0
E108,EL08,,0,0,0,0,0,0,0,0,0,0,0,0,0,0,0,0,0,0,0,0,0,0,0,0,0,0,0,0,0,0,0,0,0,0,0,0,0,0,0,0
E109,EL09,,0,0,0,0,0,0,0,0,0,0,0,0,0,0,0,0,0,0,0,0,0,0,0,0,0,0,0,0,0,0,0,0,0,0,0,0,0,0,0,0
E110,EL10,,0,0,0,0,0,0,0,0,0,0,0,0,0,0,0,0,0,0,0,0,0,0,0,0,0,0,0,0,0,0,0,0,0,0,0,0,0,0,0,0
E111,EL11,,0.4153,0.4153,0.4153,0.4153,0.4153,0.4153,0.4153,0.4153,0.4153,0.4153,0.4153,0.4153,0.4153,0.4153,0.4153,0.4153,0.4153,0.4153,0.4153,0.4153,0.4153,0.4153,0.4153,0.4153,0.4153,0.4153,0.4153,0.3886,0.3716,0.3716,0.3632,0.3466,0.3256,0.3031,0.3031,0.2403,0.2403,0.2403,0.2403,0.2403
E112,EL12,,0,0,0,0,0,0,0,0,0,0,0,0,0,0,0,0,0,0,0,0,0,0,0,0,0,0,0,0,0,0,0,0,0,0,0,0,0,0,0,0
E113,EL13,,2.7106,2.7106,2.7106,2.7106,2.7106,2.7106,2.7106,2.7106,2.7106,2.7106,2.7106,2.7106,2.7106,2.7106,2.6006,2.4906,2.4906,2.4906,2.3806,2.3806,2.3806,2.3806,2.2706,2.0196,2.0196,1.8916,1.5856,1.3992,0.9616,0.8754,0.8204,0.549,0.2599,0.1949,0.1949,0.1949,0.1469,0.1469,0.1469,0.0959
% Other generation,,,,,,,,,,,,,,,,,,,,,,,,,,,,,,,,,,,,,,,,,,
ED,EL,0,,,,,,,,,,,,,,,,,,,,,,,,,,,,,,,,,,,,,,,,
EY,EL,0,,,,,,,,,,,,,,,,,,,,,,,,,,,,,,,,,,,,,,,,
EP,EL,0,,,,,,,,,,,,,,,,,,,,,,,,,,,,,,,,,,,,,,,,
E2,EL,0,,,,,,,,,,,,,,,,,,,,,,,,,,,,,,,,,,,,,,,,
E3,EL,0,,,,,,,,,,,,,,,,,,,,,,,,,,,,,,,,,,,,,,,,
% Electricity transmission,,,,,,,,,,,,,,,,,,,,,,,,,,,,,,,,,,,,,,,,,,
EL01,EL03,,7.5,7.5,7.5,7.5,7.5,7.5,7.5,7.5,7.5,7.5,7.5,7.5,7.5,7.5,7.5,7.5,7.5,7.5,7.5,7.5,7.5,7.5,7.5,7.5,7.5,7.5,7.5,7.5,7.5,7.5,7.5,7.5,7.5,7.5,7.5,7.5,7.5,7.5,7.5,7.5
EL01,EL04,,3.695,3.715,3.735,3.71,3.71,3.71,3.71,3.71,3.71,3.733,3.756,3.779,3.802,3.825,3.848,3.871,3.894,3.917,3.94,3.94,3.94,3.94,3.94,3.94,3.94,3.94,3.94,3.94,3.94,3.94,3.94,3.94,3.94,3.94,3.94,3.94,3.94,3.94,3.94,3.94
EL01,EL09,,6.894,6.894,6.894,6.894,6.894,6.894,6.894,6.894,6.894,6.912,6.929,6.947,6.964,6.982,7,7.017,7.035,7.052,7.07,7.07,7.07,7.07,7.07,7.07,7.07,7.07,7.07,7.07,7.07,7.07,7.07,7.07,7.07,7.07,7.07,7.07,7.07,7.07,7.07,7.07
EL01,ELON,,3.9,3.9,3.9,3.9,3.9,3.9,3.9,3.9,3.9,3.9,3.9,3.9,3.9,3.9,3.9,3.9,3.9,3.9,3.9,3.9,3.9,3.9,3.9,3.9,3.9,3.9,3.9,3.9,3.9,3.9,3.9,3.9,3.9,3.9,3.9,3.9,3.9,3.9,3.9,3.9
EL02,EL10,,0.975,0.975,0.975,0.975,0.975,0.975,0.975,0.975,0.975,0.975,0.975,0.975,0.975,0.975,0.975,0.975,0.975,0.975,0.975,0.975,0.975,0.975,0.975,0.975,0.975,0.975,0.975,0.975,0.975,0.975,0.975,0.975,0.975,0.975,0.975,0.975,0.975,0.975,0.975,0.975
EL03,EL06,,3.418,3.418,3.418,3.418,3.418,3.418,3.418,3.418,3.418,3.436,3.454,3.473,3.491,3.509,3.527,3.545,3.564,3.582,3.6,3.6,3.6,3.6,3.6,3.6,3.6,3.6,3.6,3.6,3.6,3.6,3.6,3.6,3.6,3.6,3.6,3.6,3.6,3.6,3.6,3.6
EL03,EL09,,4.475,4.475,4.475,4.475,4.475,4.475,4.475,4.475,4.475,4.475,4.475,4.475,4.475,4.475,4.475,4.475,4.475,4.475,4.475,4.475,4.475,4.475,4.475,4.475,4.475,4.475,4.475,4.475,4.475,4.475,4.475,4.475,4.475,4.475,4.475,4.475,4.475,4.475,4.475,4.475
EL04,EL05,,1.62,1.6675,1.665,1.715,1.715,1.715,1.715,1.715,1.715,1.7235,1.732,1.741,1.749,1.7575,1.766,1.774,1.783,1.792,1.8,1.8,1.8,1.8,1.8,1.8,1.8,1.8,1.8,1.8,1.8,1.8,1.8,1.8,1.8,1.8,1.8,1.8,1.8,1.8,1.8,1.8
EL04,EL09,,5.155,5.155,5.155,5.155,5.155,5.155,5.155,5.155,5.155,5.155,5.155,5.155,5.155,5.155,5.155,5.155,5.155,5.155,5.155,5.155,5.155,5.155,5.155,5.155,5.155,5.155,5.155,5.155,5.155,5.155,5.155,5.155,5.155,5.155,5.155,5.155,5.155,5.155,5.155,5.155
EL04,EL10,,2.3205,2.3205,2.3205,2.3205,2.3205,2.3205,2.3205,2.3205,2.3205,2.3255,2.3305,2.3355,2.3405,2.345,2.35,2.355,2.36,2.365,2.37,2.37,2.37,2.37,2.37,2.37,2.37,2.37,2.37,2.37,2.37,2.37,2.37,2.37,2.37,2.37,2.37,2.37,2.37,2.37,2.37,2.37
EL05,EL10,,1.8105,1.8105,1.8105,1.8235,1.8235,1.8235,1.8235,1.8235,1.8235,1.8475,1.8705,1.8945,1.918,1.9415,1.9655,1.989,2.013,2.036,2.06,2.06,2.06,2.06,2.06,2.06,2.06,2.06,2.06,2.06,2.06,2.06,2.06,2.06,2.06,2.06,2.06,2.06,2.06,2.06,2.06,2.06
EL05,EL11,,0.2,0.2,0.2,0.2,0.2,0.2,0.2,0.2,0.2,0.2,0.2,0.2,0.2,0.2,0.2,0.2,0.2,0.2,0.2,0.2,0.2,0.2,0.2,0.2,0.2,0.2,0.2,0.2,0.2,0.2,0.2,0.2,0.2,0.2,0.2,0.2,0.2,0.2,0.2,0.2
EL05,EL12,,0.348,0.3475,0.347,0.3465,0.346,0.345,0.345,0.344,0.3435,0.35,0.357,0.3635,0.37,0.3765,0.3835,0.39,0.3965,0.4035,0.41,0.41,0.41,0.41,0.41,0.41,0.41,0.41,0.41,0.41,0.41,0.41,0.41,0.41,0.41,0.41,0.41,0.41,0.41,0.41,0.41,0.41
EL05,ELMB,,2.285,2.315,2.365,2.365,2.395,2.395,2.395,2.945,2.945,2.945,2.945,2.945,2.945,2.945,2.945,2.945,2.945,2.945,2.945,2.945,2.945,2.945,2.945,2.945,2.945,2.945,2.945,2.945,2.945,2.945,2.945,2.945,2.945,2.945,2.945,2.945,2.945,2.945,2.945,2.945
EL05,ELON,,0.145,0.145,0.145,0.145,0.145,0.145,0.145,0.145,0.145,0.145,0.145,0.145,0.145,0.145,0.145,0.145,0.145,0.145,0.145,0.145,0.145,0.145,0.145,0.145,0.145,0.145,0.145,0.145,0.145,0.145,0.145,0.145,0.145,0.145,0.145,0.145,0.145,0.145,0.145,0.145
EL06,EL07,,1.459,1.469,1.469,1.469,1.469,1.469,1.469,1.469,1.469,1.477,1.485,1.493,1.501,1.5095,1.518,1.526,1.534,1.542,1.55,1.55,1.55,1.55,1.55,1.55,1.55,1.55,1.55,1.55,1.55,1.55,1.55,1.55,1.55,1.55,1.55,1.55,1.55,1.55,1.55,1.55
EL06,ELON,,1.94,1.94,1.94,1.94,1.94,1.94,1.94,1.94,1.94,1.94,1.94,1.94,1.94,1.94,1.94,1.94,1.94,1.94,1.94,1.94,1.94,1.94,1.94,1.94,1.94,1.94,1.94,1.94,1.94,1.94,1.94,1.94,1.94,1.94,1.94,1.94,1.94,1.94,1.94,1.94
EL06,ELQU,,1.45,1.45,1.45,1.45,1.45,1.45,1.45,1.45,1.45,1.45,1.45,1.45,1.45,1.45,1.45,1.4545,1.4695,1.485,1.5,1.5,1.5,1.5,1.5,1.5,1.5,1.5,1.5,1.5,1.5,1.5,1.5,1.5,1.5,1.5,1.5,1.5,1.5,1.5,1.5,1.5
EL07,ELQU,,1.635,1.635,1.635,1.635,1.635,1.635,1.635,1.635,1.635,1.666,1.697,1.728,1.759,1.79,1.821,1.852,1.883,1.914,1.945,1.945,1.945,1.945,1.945,1.945,1.945,1.945,1.945,1.945,1.945,1.945,1.945,1.945,1.945,1.945,1.945,1.945,1.945,1.945,1.945,1.945
EL07,ELNB,,0.85,0.85,0.85,0.85,0.85,0.85,0.85,0.85,0.85,0.8655,0.88,0.8955,0.91,0.9245,0.94,0.9555,0.97,0.9855,1,1,1,1,1,1,1,1,1,1,1,1,1,1,1,1,1,1,1,1,1,1
EL08,EL09,,2.098,2.098,2.308,2.308,2.308,2.308,2.308,2.3435,2.379,2.506,2.633,2.76,2.887,3.0145,3.142,3.269,3.396,3.523,3.65,3.65,3.65,3.65,3.65,3.65,3.65,3.65,3.65,3.65,3.65,3.65,3.65,3.65,3.65,3.65,3.65,3.65,3.65,3.65,3.65,3.65
EL09,EL10,,1.26,1.296,1.206,1.281,1.281,1.281,1.281,1.281,1.281,1.366,1.451,1.536,1.621,1.706,1.79,1.875,1.96,2.045,2.13,2.13,2.13,2.13,2.13,2.13,2.13,2.13,2.13,2.13,2.13,2.13,2.13,2.13,2.13,2.13,2.13,2.13,2.13,2.13,2.13,2.13
EL10,EL12,,0.475,0.475,0.475,0.475,0.475,0.475,0.475,0.475,0.475,0.488,0.501,0.514,0.527,0.54,0.553,0.566,0.579,0.592,0.605,0.605,0.605,0.605,0.605,0.605,0.605,0.605,0.605,0.605,0.605,0.605,0.605,0.605,0.605,0.605,0.605,0.605,0.605,0.605,0.605,0.605
EL11,EL12,,2.587,2.596,2.582,2.592,2.603,2.603,2.603,2.577,2.577,2.63,2.684,2.737,2.79,2.8435,2.897,2.95,3.003,3.057,3.11,3.11,3.11,3.11,3.11,3.11,3.11,3.11,3.11,3.11,3.11,3.11,3.11,3.11,3.11,3.11,3.11,3.11,3.11,3.11,3.11,3.11
EL11,EL13,,8.636,8.636,8.6525,8.773,8.773,8.8355,8.8595,8.9205,8.9685,8.9685,8.9685,8.9685,8.9685,8.9685,9.0105,9.073,9.1355,9.1975,9.26,9.26,9.26,9.26,9.26,9.26,9.26,9.26,9.26,9.26,9.26,9.26,9.26,9.26,9.26,9.26,9.26,9.26,9.26,9.26,9.26,9.26
EL11,ELAB,,3.1825,3.1825,3.1825,3.1825,3.1825,3.1825,3.1825,3.1825,3.1825,3.1945,3.207,3.219,3.2315,3.2435,3.256,3.2685,3.2805,3.2925,3.305,3.305,3.305,3.305,3.305,3.305,3.305,3.305,3.305,3.305,3.305,3.305,3.305,3.305,3.305,3.305,3.305,3.305,3.305,3.305,3.305,3.305
EL12,EL13,,6.8805,6.8805,6.8805,6.8805,6.8805,6.8805,6.8805,6.8695,6.8585,6.8585,6.8585,6.8585,6.8585,6.8585,6.8585,6.8585,6.8585,6.8585,6.8585,6.8585,6.8585,6.8585,6.8585,6.8585,6.8585,6.8585,6.8585,6.8585,6.8585,6.8585,6.8585,6.8585,6.8585,6.8585,6.8585,6.8585,6.8585,6.8585,6.8585,6.8585
EL13,ELMX,,0.41,0.41,0.41,0.41,0.41,0.41,0.41,0.41,0.41,0.41,0.41,0.41,0.41,0.41,0.41,0.41,0.41,0.41,0.41,0.41,0.41,0.41,0.41,0.41,0.41,0.41,0.41,0.41,0.41,0.41,0.41,0.41,0.41,0.41,0.41,0.41,0.41,0.41,0.41,0.41
